"question","opt1","opt2","opt3","opt4","answer","explanation"
"What is the antonym of 'abundant'?","plentiful","scarce","ample","bountiful","scarce","'Abundant' means plentiful; its antonym is 'scarce'."
"Choose the correct tense: 'By the time she arrived, we ___ dinner.'","had finished","have finished","finished","will finish","had finished","The past perfect 'had finished' shows completion before another past moment."
"Which sentence is grammatically correct?","He don't like coffee.","He doesn't like coffee.","He not like coffee.","He doesn't likes coffee.","He doesn't like coffee.","'He doesn't like' is the correct third-person singular negative."
"Select the correct preposition: 'He is good ___ mathematics.'","in","at","on","for","at","We say 'good at' a subject."
"Pick the synonym of 'lucid'.","vague","clear","opaque","murky","clear","'Lucid' means clear or easily understood."
"Choose the correct article: 'She adopted ___ orphaned kitten.'","a","an","the","no article","an","Use 'an' before vowel sounds; 'orphaned' begins with a vowel sound."
"What is the past participle of 'write'?","writed","wrote","written","writing","written","The past participle of 'write' is 'written'."
"Which is the best antonym for 'arduous'?","difficult","easy","rigorous","strenuous","easy","'Arduous' means hard; its antonym is 'easy'."
"Select the correct synonym for 'candid'.","secretive","honest","evasive","ambiguous","honest","'Candid' means honest and frank."
"Identify the correct punctuation: Choose the sentence with correct punctuation.","Its raining outside.","It's raining outside.","Its' raining outside.","It is' raining outside.","It's raining outside.","'It's' is the contraction of 'it is' and is punctuated with an apostrophe."
"Complete using the correct form: 'If I ___ you, I would apologize.'","am","was","were","be","were","After 'if' in subjunctive hypothetical sentences use 'were'."
"Which option is a countable noun?","water","information","apple","rice","apple","'Apple' is countable; 'water' and 'rice' are uncountable in general use."
"Choose the correct preposition: 'She is proficient ___ French.'","at","in","on","about","in","We say 'proficient in' a language."
"Pick the correct plural of 'analysis'.","analysises","analyses","analysis","analysi","analyses","The plural of 'analysis' is 'analyses'."
"Which sentence uses passive voice?","The chef cooked dinner.","Dinner was cooked by the chef.","The chef is cooking dinner.","The chef will cook dinner.","Dinner was cooked by the chef.","Passive voice: object becomes subject — 'Dinner was cooked by the chef.'"
"Choose the synonym for 'succinct'.","wordy","brief","lengthy","verbose","brief","'Succinct' means brief and to the point."
"Which is the correct comparative of 'bad'?","badder","worse","more bad","worser","worse","The comparative form of 'bad' is 'worse'."
"Select the correct sentence: 'Neither of the answers ___ correct.'","are","is","were","be","is","'Neither' is singular and takes 'is'."
"Pick the correct option: 'I will call you when I ___ home.'","get","got","will get","gotten","get","Use simple present 'get' in the subordinate clause for future time: 'when I get home.'"
"Which word is an adverb in this sentence: 'She sings beautifully.'","she","sings","beautiful","beautifully","beautifully","'Beautifully' modifies the verb 'sings', so it's an adverb."
"Choose correct preposition: 'The picture hangs ___ the wall.'","on","in","at","over","on","A picture hangs on a wall."
"Pick the synonym for 'prudent'.","reckless","wise","hasty","carefree","wise","'Prudent' means careful and wise."
"Which option correctly converts to reported speech: 'He said, \"I have finished.\"'","He said he has finished.","He said he had finished.","He says he had finished.","He said I have finished.","He said he had finished.","In reported speech, present perfect 'have finished' becomes past perfect 'had finished'."
"Choose the correct modal: 'You ___ see a doctor.' (advice)","must","should","may","will","should","'Should' is used for advice; 'must' is stronger obligation."
"Which is the correct use of articles: '___ unique idea came to him.'","A","An","The","No article","A","'Unique' begins with a consonant sound 'yoo-', so use 'a unique'."
"Pick the antonym of 'benevolent'.","kind","malicious","charitable","generous","malicious","'Benevolent' means kind; an antonym is 'malicious'."
"Select the correct verb form: 'By next year she ___ her degree.'","will complete","will have completed","completes","completed","will have completed","Future perfect 'will have completed' expresses completion before a future time."
"Which sentence is grammatically correct?","Between you and I, it's done.","Between you and me, it's done.","Between you and myself, it's done.","Between you and mine, it's done.","Between you and me, it's done.","Use object pronoun 'me' after preposition 'between'."
"Choose the best synonym for 'meticulous'.","careless","thorough","sloppy","negligent","thorough","'Meticulous' means showing great attention to detail — thorough."
"Pick the correct preposition: 'They arrived ___ the airport early.'","on","at","in","to","at","We say 'arrive at the airport'."
"Select the correct tense: 'He said that he ___ seen the movie before.'","has","had","have","will have","had","Backshift to past perfect 'had' for reported past."
"Which is the correct conditional: 'If you ___ earlier, we could have helped.'","came","had come","come","would come","had come","Third conditional requires past perfect 'had come'."
"Identify the antonym: 'opaque' -> ____","transparent","blurry","dark","dense","transparent","'Opaque' means not transparent; antonym is 'transparent'."
"Choose the correct article: 'She is ___ only child in the family.'","an","a","the","no article","the","Use 'the' with superlatives/specific mentions — 'the only child'."
"Pick the best synonym for 'arduous'.","easy","strenuous","simple","light","strenuous","'Arduous' means very difficult or strenuous."
"Which sentence is correct punctuation?","Lets go out!","Let's go out!","Lets' go out!","Let us' go out!","Let's go out!","Contraction for 'let us' uses apostrophe: 'Let's'."
"Choose correct tense: 'They ___ in Paris since 2015.'","lived","have lived","have been living","lives","have lived","Present perfect 'have lived' with 'since 2015' indicates duration."
"Which preposition fits: 'She is accused ___ theft.'","for","of","with","about","of","Accused of (committed) theft."
"Pick the synonym for 'vivid'.","dull","bright","faint","blurred","bright","'Vivid' means very clear, bright, or intense."
"Choose the correct plural: 'appendix' -> ____","appendixes","appendices","appendixes/appendices","appendixs","appendices","'Appendix' plural is 'appendices' (or 'appendixes')."
"Select the right verb: 'She made him ___ the truth.'","to tell","telling","tell","told","tell","Causative structure 'made him tell' uses bare infinitive 'tell'."
"Which is the antonym of 'scarce'?","sparse","abundant","rare","insufficient","abundant","'Scarce' means rare; antonym 'abundant' means plentiful."
"Choose correct usage: 'I prefer tea ___ coffee.'","than","to","over","instead","to","'Prefer X to Y' is correct usage."
"Pick the correct form: 'I wish I ___ earlier.'","left","had left","have left","will leave","had left","'I wish' about the past uses past perfect 'had left'."
"Which is the correct homophone usage? 'She will ___ him tomorrow.'","meet","meat","mete","meete","meet","'Meet' (to encounter) is correct; 'meat' is food."
"Choose the right preposition: 'He is dependent ___ his parents.'","on","in","for","to","on","Use 'dependent on' someone."
"Pick the synonym for 'prudent'.","careless","cautious","reckless","hasty","cautious","'Prudent' means cautious or careful."
"Which sentence is passive?","They publish the report.","The report is published by them.","They are publishing the report.","They will publish the report.","The report is published by them.","Passive: 'The report is published by them.'"
"Choose the correct tense: 'By 2025, I ___ here for ten years.'","will be","will have been","have been","had been","will have been","Future perfect 'will have been' expresses duration until a future time."
"Pick the antonym of 'transparent'.","clear","opaque","see-through","lucid","opaque","'Transparent' opposite is 'opaque'."
"Select correct article: 'He is ___ heir to the throne.'","a","an","the","no article","an","'Heir' begins with vowel sound 'air', use 'an'."
"Which is the best synonym for 'benevolent'?","malevolent","kind","cruel","hostile","kind","'Benevolent' means kind-hearted or generous."
"Choose the correct comparative: 'She is ___ than her sister.'","taller","more tall","tallest","most tall","taller","Standard comparative is 'taller'."
"Pick the right preposition: 'We walked ___ the park.'","through","into","over","by","through","'Walk through the park' indicates moving inside area."
"Which sentence is grammatically correct?","Each of the boys have a bike.","Each of the boys has a bike.","Each of the boys are having a bike.","Each of the boys have bikes.","Each of the boys has a bike.","'Each' is singular and takes 'has'."
"Choose the synonym for 'ephemeral'.","permanent","temporary","eternal","lasting","temporary","'Ephemeral' means short-lived or temporary."
"Pick the correct verb: 'She ___ the letter before leaving.'","write","wrote","had written","writes","had written","Past perfect 'had written' indicates earlier past action before leaving."
"Which preposition fits: 'They will arrive ___ noon.'","at","on","in","by","at","Use 'at noon' for a specific time."
"Choose the correct article: '___ European country is known for chocolate.'","A","An","The","No article","A","'European' begins with consonant sound 'you-', so use 'a European'."
"Pick the antonym of 'hinder'.","help","obstruct","delay","impede","help","'Hinder' means obstruct; antonym 'help' means assist."
"Choose the best synonym for 'succinct'.","wordy","concise","long-winded","verbose","concise","'Succinct' is concise and to the point."
"Which sentence uses the subjunctive correctly?","If I was rich, I would travel.","If I were rich, I would travel.","If I am rich, I would travel.","If I be rich, I would travel.","If I were rich, I would travel.","Subjunctive 'were' used for hypothetical situations."
"Select the correct tense: 'She ___ in London when she was young.'","live","lived","has lived","will live","lived","Simple past 'lived' for completed past action."
"Pick the correct preposition: 'He succeeded ___ his rivals.'","over","against","in","with","over","'Succeed over' is less common; 'succeed in' is typical for achieving tasks. However, 'succeeded over his rivals' is used in competitive contexts; better option: 'over'."
"Which is the correct plural of 'criterion'?","criterias","criteria","criterions","criterion","criteria","'Criterion' plural is 'criteria'."
"Choose the correct word: 'She is looking forward ___ the trip.'","to","for","at","in","to","'Look forward to' takes 'to' + noun/gerund."
"Pick the antonym for 'mundane'.","ordinary","exciting","common","prosaic","exciting","'Mundane' means ordinary; antonym 'exciting'."
"Select the correct verb form: 'By the time he gets here, we ___ already.'","leave","will leave","will have left","left","will have left","'Will have left' expresses completion before future arrival."
"Which is the correct usage: 'None of them ___ available.'","are","is","were","be","is","'None' can be singular; context may allow plural, but traditional usage here is singular 'is'."
"Choose the synonym for 'lucid'.","murky","clear","confused","vague","clear","'Lucid' means clear; best synonym is 'clear'."
"Pick the right preposition: 'She placed the book ___ the shelf.'","on","in","over","between","on","Books are placed on a shelf."
"Select the correct article: 'He became ___ honest man over time.'","a","an","the","no article","an","'Honest' begins with vowel sound 'on-'; use 'an honest'."
"Which tense is correct: 'I ___ here since 2010.'","was","have been","had been","will be","have been","Present perfect 'have been' indicates continuity from past to present."
"Pick the antonym of 'frail'.","delicate","strong","weak","fragile","strong","'Frail' means weak; antonym 'strong'."
"Choose the best synonym for 'tenacious'.","persistent","fickle","weak","indecisive","persistent","'Tenacious' means persistent and determined."
"Which sentence is correctly punctuated?","He said I am coming.","He said, \"I am coming\".","He said \"I am coming\".","He said I, am coming.","He said, \"I am coming\".","Direct speech requires comma and quotes around the spoken words."
"Select the correct preposition: 'Divide the cake ___ six pieces.'","into","in","to","by","into","'Divide into' is used to split into parts."
"Pick the correct verb form: 'She insisted that he ___ present.'","be","is","was","being","be","Subjunctive after verbs like 'insist' uses base form 'be'."
"Choose the synonym for 'verbatim'.","approximately","word-for-word","briefly","roughly","word-for-word","'Verbatim' means word-for-word."
"Which is the correct comparative: 'good' -> ____","gooder","more good","better","best","better","Comparative of 'good' is 'better'."
"Pick the right article: '___ University of Oxford is historic.'","A","An","The","No article","The","Use 'the' for specific institutions: 'the University of Oxford'."
"Choose the correct tense: 'If he had known, he ___ told us.'","would","would have","would have been","would have told","would have told","Third conditional: 'would have told' for hypothetical past outcome."
"Select the antonym of 'benevolent'.","kind","malevolent","charitable","generous","malevolent","'Benevolent' = kind; antonym 'malevolent' is evil-intentioned."
"Which preposition completes: 'She is afraid ___ spiders.'","of","for","with","about","of","'Afraid of' is the standard collocation."
"Pick the synonym for 'ephemeral'.","enduring","short-lived","eternal","permanent","short-lived","'Ephemeral' means temporary or short-lived."
"Choose the correct use: 'He recommended that she ___ on time.'","arrive","arrives","arrived","arriving","arrive","Subjunctive: 'recommended that she arrive on time.'"
"Which sentence uses an idiom correctly?","He let the cat out of the bag.","He let the bag out of the cat.","He let out the cat bag.","He bagged out the cat.","He let the cat out of the bag.","Idiom means to reveal a secret."
"Pick the antonym of 'opaque'.","clear","cloudy","murky","obscure","clear","'Opaque' opposite is 'clear' or 'transparent'."
"Select the right form: 'She will have ___ by noon.'","eat","eaten","ate","eats","eaten","Future perfect with past participle: 'will have eaten'."
"Which preposition is correct: 'He is keen ___ learning languages.'","in","on","at","for","on","'Keen on' means enthusiastic about something."
"Choose the correct plural: 'criterion' -> ____","criterions","criteria","criterias","criterion","criteria","Plural of 'criterion' is 'criteria'."
"Pick the best synonym for 'lucid'.","ambiguous","clear","obscure","muddled","clear","'Lucid' synonyms include 'clear', 'intelligible'."
"Which sentence is correct?","She used to go there often.","She use to go there often.","She used to goes there often.","She used go there often.","She used to go there often.","'Used to' expresses past habitual action."
"Choose the correct article: 'He is ___ one-in-a-million person.'","a","an","the","no article","a","'One' begins with 'w' sound, use 'a one-in-a-million'."
"Pick the antonym of 'ardent'.","passionate","lukewarm","fervent","zealous","lukewarm","'Ardent' = passionate; antonym 'lukewarm' = not enthusiastic."
"Select the correct tense: 'By the time you arrive, I ___ the report.'","finish","will finish","will have finished","have finished","will have finished","Future perfect 'will have finished' denotes completion before a future time."
"Which is the correct preposition: 'He succeeded ___ his rivals.'","over","against","in","with","over","'Succeed over' is used in competitive contexts; more common: 'succeeded against' but 'over' is acceptable here."
"Pick the synonym for 'astute'.","dull","shrewd","naive","clumsy","shrewd","'Astute' means shrewd or perceptive."
"Choose the correct usage: 'She is looking forward ___ the weekend.'","to","for","at","in","to","Use 'look forward to' + noun/gerund."
"Which sentence uses direct speech correctly?","He asked, 'Are you coming?'","He asked: Are you coming?","He asked are you coming?","He asked, Are you coming?","He asked, 'Are you coming?'","Direct speech includes quotes and comma before them."
"Pick the antonym of 'spare'.","extra","ample","scarce","plentiful","scarce","'Spare' meaning extra; antonym 'scarce' indicates shortage (context-dependent)."
"Select the right verb form: 'I wish I ___ more time.'","have","had","will have","would have","had","Wishing about present uses past form 'had'."
"Which preposition completes: 'He apologized ___ his mistake.'","for","to","at","about","for","Apologize for something is the standard collocation."
"Choose the synonym for 'tense' (nervous).","relaxed","anxious","calm","peaceful","anxious","'Tense' meaning nervous — synonym 'anxious'."
"Pick the correct plural: 'thesis' -> ____","thesises","theses","thesii","thesis","theses","'Thesis' plural is 'theses'."
"Select the correct article: 'He is ___ honorable man.'","a","an","the","no article","an","'Honorable' begins with silent 'h' and vowel sound 'on-': use 'an'."
"Which is the correct comparative: 'little' (amount) -> ____","littler","less","more little","least","less","Comparative for amount 'little' is 'less'."
"Pick the synonym of 'gregarious'.","shy","sociable","reserved","timid","sociable","'Gregarious' means sociable or outgoing."
"Choose the correct tense: 'If he studies, he ___ succeed.'","will","would","should","might","will","First conditional: 'If he studies, he will succeed.'"
"Which preposition fits: 'She is fluent ___ Spanish.'","in","at","on","with","in","'Fluent in Spanish' is correct."
"Pick the antonym of 'opaque' (in a figurative sense).","clear","dense","murky","obstructed","clear","Figuratively, 'clear' is opposite of 'opaque' meaning easy to understand."
"Select correct verb: 'They suggested that she ___ earlier.'","come","comes","came","coming","come","After 'suggest' use subjunctive base form 'come'."
"Which sentence is punctuated correctly?","Well, I don't know.","Well I don't know","Well I dont know.","Well, I dont know.","Well, I don't know.","Comma after interjection 'Well' and contraction with apostrophe are correct."
"Pick the synonym for 'pristine'.","dirty","immaculate","spoiled","tarnished","immaculate","'Pristine' means immaculate or unspoiled."
"Choose the correct article: 'It was ___ unforgettable evening.'","a","an","the","no article","an","'Unforgettable' begins with vowel sound 'uh', so 'an' is correct."
"Which is the antonym of 'sparse'?","meager","scattered","dense","rare","dense","'Sparse' opposite is 'dense' (more crowded/thick)."
"Pick the correct tense: 'She ___ here for three hours by now.'","has been","had been","will be","is","has been","Present perfect continuous/ perfect used for duration up to now: 'has been' (context-dependent)."
"Select the right preposition: 'This book belongs ___ me.'","to","for","with","about","to","'Belongs to' indicates ownership."
"Which sentence is correct?","Neither answer is correct.","Neither answers are correct.","Neither of the answers are correct.","Neither of the answers is correct.","Neither of the answers is correct.","'Neither of the answers is correct' uses singular predicate."
"Pick the synonym for 'obscure'.","famous","hidden","clear","popular","hidden","'Obscure' means not well known or hidden."
"Choose the correct verb: 'By next month, I ___ the job.'","complete","will complete","will have completed","completed","will have completed","Future perfect: 'will have completed' shows completion before a future time."
"Which is the antonym of 'benevolent'?","kind","cruel","charitable","helpful","cruel","'Benevolent' opposite is 'cruel' or 'malevolent'."
"Pick the right preposition: 'She is notorious ___ being late.'","for","about","of","with","for","'Notorious for' is the fixed collocation."
"Select the synonym for 'laconic'.","wordy","brief","talkative","long-winded","brief","'Laconic' means using few words; synonym 'brief'."
"Which is the correct plural of 'appendix'?","appendixes","appendices","appendixs","appendix","appendices","Both 'appendices' and 'appendixes' are acceptable; 'appendices' is classical plural."
"Choose the correct article: '___ hour passed quickly.'","a","an","the","no article","an","'Hour' starts with vowel sound 'our', so use 'an'."
"Pick the antonym for 'tentative'.","hesitant","certain","uncertain","provisional","certain","'Tentative' means hesitant; antonym 'certain' means definite."
"Select the correct tense: 'She said she ___ seen him before.'","has","had","have","will have","had","Backshift in reported speech: 'had seen'."
"Which preposition completes: 'She is adept ___ problem solving.'","at","in","on","with","at","'Adept at' is the correct collocation."
"Pick the synonym for 'melancholy'.","happy","sadness","cheerful","ecstatic","sadness","'Melancholy' means sadness; closest synonym 'sadness' or 'sad'."
"Choose the correct verb form: 'If I ___ time, I would travel.'","have","had","will have","would have","had","Second conditional: use past form 'had' for hypothetical present."
"Which sentence uses correct punctuation?","He asked, \"Where are you?\"","He asked \"Where are you?\"","He asked where are you?","He asked where are you.","He asked, \"Where are you?\"","Comma before quoted question and proper quotes required."
"Pick the correct preposition: 'The cat jumped ___ the table.'","on","in","under","over","on","'Jumped on the table' is the natural phrase."
"Select the synonym for 'vehement'.","mild","fierce","gentle","timid","fierce","'Vehement' means forceful or intense — 'fierce' fits."
"Which is the correct comparative: 'far' -> ____","farther/further","more far","farer","most far","farther/further","Both 'farther' and 'further' are used; 'farther' often for physical distance."
"Choose the correct article: 'She is ___ university lecturer.'","a","an","the","no article","a","'University' begins with consonant 'y' sound, so 'a' is used."
"Pick the antonym for 'rigid'.","flexible","stiff","hard","firm","flexible","'Rigid' opposite is 'flexible'."
"Select correct tense: 'They ___ the match by the time we arrived.'","won","had won","have won","were winning","had won","Past perfect 'had won' shows earlier past completion."
"Which preposition completes: 'I am tired ___ waiting.'","of","for","about","with","of","'Tired of' (fed up) vs 'tired from' (physically exhausted); here 'tired of waiting' is idiomatic."
"Pick the synonym for 'erudite'.","educated","ignorant","unlearned","illiterate","educated","'Erudite' means well-educated or learned."
"Choose the correct sentence: 'Each of the players ___ responsible.'","are","is","were","be","is","'Each' is singular — 'is responsible.'"
"Select the antonym of 'ardent'.","passionate","indifferent","fervent","zealous","indifferent","'Ardent' = passionate; antonym 'indifferent'."
"Which is the correct usage: 'They insisted on ___ the meeting.'","postpone","postponing","postponed","to postpone","postponing","'Insisted on' + gerund: 'insisted on postponing.'"
"Pick the synonym for 'palpable'.","imperceptible","tangible","hidden","vague","tangible","'Palpable' means able to be felt — 'tangible'."
"Choose the correct preposition: 'He is engaged ___ a new project.'","on","in","to","with","in","'Engaged in' a project is correct."
"Which sentence is grammatical?","She and I is ready.","She and I are ready.","She and I am ready.","She and I be ready.","She and I are ready.","Compound subject 'She and I' takes plural verb 'are'."
"Pick the antonym for 'robust'.","strong","fragile","sturdy","healthy","fragile","'Robust' means strong; antonym 'fragile' means easily broken."
"Select the correct tense: 'When I called, they ___ dinner.'","eat","were eating","have eaten","will eat","were eating","Past continuous 'were eating' for ongoing past action."
"Choose the correct article: 'It was ___ honor to meet her.'","a","an","the","no article","an","'Honor' begins with silent 'h' and vowel sound 'on-', so 'an' is used."
"Pick the synonym for 'ambivalent'.","decided","uncertain","sure","clear","uncertain","'Ambivalent' means having mixed feelings or uncertainty."
"Which preposition fits: 'She divided the cake ___ pieces.'","into","in","to","by","into","'Divide into' is the correct collocation."
"Choose the correct plural: 'phenomenon' -> ____","phenomenons","phenomena","phenomenae","phenomenon","phenomena","Plural is 'phenomena'."
"Pick the antonym of 'gregarious'.","sociable","shy","friendly","outgoing","shy","'Gregarious' = sociable; antonym 'shy'."
"Select the correct verb form: 'He demanded that she ___ present.'","be","is","are","was","be","Subjunctive: 'demanded that she be present.'"
"Which sentence is correct?","She had scarcely left when it started raining.","She scarcely had left when it started raining.","Scarcely she had left when it started raining.","She had left scarcely when it started raining.","She had scarcely left when it started raining.","'Had scarcely' before past form is idiomatic for 'barely' or 'almost not'."
"Pick the synonym for 'obstinate'.","flexible","stubborn","compliant","yielding","stubborn","'Obstinate' means stubborn or unyielding."
"Choose the correct article: 'He is ___ only person who knows.'","a","an","the","no article","the","Use 'the' with unique definite reference: 'the only person'."
"Select the antonym of 'lucid' (figurative).","clear","confusing","transparent","bright","confusing","Figuratively 'lucid' means clear-minded; antonym 'confusing'."
"Pick the correct preposition: 'They arrived ___ time for the meeting.'","in","on","at","by","in","Arrive 'in time' means before the deadline; 'on time' means exactly at scheduled time (both can be correct depending on nuance)."
"Choose the correct tense: 'By the time she retires, she ___ employed for 40 years.'","will have been","will be","has been","had been","will have been","Future perfect continuous/perfect: 'will have been'."
"Which is the correct synonym for 'insidious'?","harmful in a subtle way","obvious","clear","blatant","harmful in a subtle way","'Insidious' means harmful but gradual and stealthy."
"Pick the antonym of 'latent'.","hidden","dormant","manifest","potential","manifest","'Latent' means hidden or dormant; antonym 'manifest' = evident."
"Select the correct article: 'She gave ___ honest answer.'","a","an","the","no article","an","'Honest' has silent 'h'; use 'an honest'."
"Choose the correct usage: 'Would you mind ___ the window?'","open","to open","opening","opened","opening","After 'would you mind' use gerund: 'opening'."
"Which is the correct plural: 'index' -> ____","indexes","indices","indexs","index","indices","Both 'indices' and 'indexes' are accepted; 'indices' is classical plural."
"Pick the synonym for 'magnanimous'.","petty","generous","stingy","venal","generous","'Magnanimous' means generous or noble in spirit."
"Choose the correct preposition: 'She is married ___ a doctor.'","to","with","by","in","to","'Married to' expresses the spouse."
"Which sentence is idiomatic?","He cut corners to finish early.","He cut time corners to finish early.","He corner cut to finish early.","He cut to corners finish early.","He cut corners to finish early.","'Cut corners' is idiom meaning do something badly or cheaply."
"Pick the antonym for 'pristine'.","immaculate","spoiled","pure","untouched","spoiled","'Pristine' means unspoiled; antonym 'spoiled' or 'tarnished'."
"Select the correct tense: 'I ___ him before.'","met","have met","had met","will have met","have met","Present perfect 'have met' indicates experience up to present."
"Choose the correct usage: 'She is apt ___ forget names.'","to","for","at","in","to","'Apt to' means likely to do something; collocation 'apt to forget'."
"Which preposition fits: 'Please refrain ___ smoking.'","from","of","in","for","from","'Refrain from' is the fixed phrase meaning avoid doing something."
"Pick the synonym for 'impeccable'.","faultless","flawed","imperfect","defective","faultless","'Impeccable' means without fault — faultless."
"Choose the antonym of 'oblivious'.","aware","ignorant","unconcerned","heedless","aware","'Oblivious' means unaware; antonym 'aware'."
"Select the correct article: 'This is ___ unique opportunity.'","a","an","the","no article","a","'Unique' starts with consonant 'y' sound; use 'a'."
"Pick the right preposition: 'She adhered ___ the guidelines.'","to","in","with","for","to","'Adhere to' means follow or stick to rules/guidelines."
"Choose the synonym for 'perfunctory'.","thorough","cursory","detailed","meticulous","cursory","'Perfunctory' means hasty and done without care — 'cursory'."
"Which is the correct tense: 'If you heat ice, it ___.'","melts","melt","melted","will melt","melts","General truth uses simple present: 'ice melts'."
"Pick the antonym of 'arduous' that best fits academic context.","challenging","easy","demanding","taxing","easy","In academic context 'arduous' = difficult; antonym 'easy'."
"Select the correct collocation: '___ a decision'","make","do","commit","agree","make","The collocation is 'make a decision'."
"Which sentence is grammatically correct?","The team are winning.","The team is winning.","The team were winning.","Team is winning.","The team is winning.","Collective noun 'team' treated as singular in American English: 'is winning'."
"Pick the synonym for 'ephemeral' in literary context.","lasting","short-lived","permanent","eternal","short-lived","'Ephemeral' = short-lived; common synonym in literature is 'short-lived'."
"Choose the correct preposition: 'He specialized ___ ancient history.'","in","on","at","for","in","'Specialized in' is the right collocation."
"Select the correct usage: 'It is imperative that she ___ present.'","is","be","was","are","be","Subjunctive 'be' after 'imperative that'."
"Pick the antonym for 'vague'.","ambiguous","clear","uncertain","obscure","clear","'Vague' opposite is 'clear' or 'specific'."
"Which is the correct plural: 'bacterium' -> ____","bacteriums","bacteria","bacteriae","bacterium","bacteria","Plural of 'bacterium' is 'bacteria'."
"Choose the correct tense: 'He ___ in the garden every evening.'","works","worked","works","works","works","Habitual action uses simple present: 'works' (or 'waters' etc. depending on verb)."
"Pick the synonym for 'benevolent' in a social context.","cruel","charitable","rude","harsh","charitable","'Benevolent' = charitable and kind; 'charitable' fits social context."
"Select the right preposition: 'The meeting is scheduled ___ Monday.'","on","at","in","by","on","Days use 'on': 'on Monday'."
"Which sentence uses proper conditional?","If I had money, I will travel.","If I had money, I would travel.","If I have money, I would travel.","If I had money, I travel.","If I had money, I would travel.","Second conditional: 'If I had money, I would travel.'"
"Pick the antonym for 'pragmatic'.","practical","idealistic","realistic","down-to-earth","idealistic","'Pragmatic' = practical; antonym 'idealistic'."
"Choose the correct article: 'She was elected ___ president.'","a","an","the","no article","the","Use 'the' for unique role in context: 'the president' if definite."
"Select the synonym for 'dilatory'.","punctual","delaying","timely","prompt","delaying","'Dilatory' means slow to act; 'delaying' captures the meaning."
"Which preposition completes: 'He was indifferent ___ the result.'","to","about","of","for","to","'Indifferent to' something expresses lack of interest."
"Pick the correct tense: 'They ___ each other for five years.'","have known","know","knew","had known","have known","'Have known' indicates continuing relationship from past to present."
"Choose the antonym for 'lucid' (mental state).","clear-minded","confused","bright","coherent","confused","In mental state, 'lucid' opposite is 'confused'."
"Select the correct usage: 'She had no choice but ___ accept.'","to","accepting","accept","accepted","to","'No choice but to' + infinitive: 'but to accept'."
"Which is the correct preposition: 'This device is compatible ___ multiple platforms.'","with","to","in","on","with","'Compatible with' is the collocation."
"Pick the synonym for 'gregarious' that best suits social research.","sociable","solitary","reclusive","introverted","sociable","'Gregarious' = sociable; 'sociable' fits social research context."
"Choose the correct article: 'It remained ___ enigma for years.'","an","a","the","no article","an","'Enigma' begins with vowel sound 'e', so 'an' is correct."
"Select the correct tense: 'By the time I arrive, they ___ dinner.'","finish","will finish","will have finished","have finished","will have finished","'Will have finished' shows completion before the future point."
"Pick the antonym of 'malleable'.","flexible","hard","pliant","rigid","rigid","'Malleable' means easily shaped; antonym 'rigid' resists change/conformation."
"Which preposition completes: 'He is proficient ___ statistics.'","in","at","on","for","in","'Proficient in' a subject is standard."
"Choose the synonym for 'pensive'.","thoughtful","carefree","frivolous","lighthearted","thoughtful","'Pensive' means deeply or seriously thoughtful."
"Select the correct plural: 'matrix' -> ____","matrixes","matrices","matrixi","matrix","matrices","'Matrix' plural is 'matrices'."
"Pick the antonym for 'conspicuous'.","noticeable","obvious","hidden","prominent","hidden","'Conspicuous' = easily seen; antonym 'hidden' or 'inconspicuous'."
"Which article is correct: 'It is ___ honor to serve.'","an","a","the","no article","an","'Honor' has silent 'h' and vowel sound 'on-', so use 'an'."
"Choose the correct usage: 'She abstained ___ voting.'","from","of","in","on","from","'Abstain from' is the correct collocation meaning refrain from."
"Pick the synonym for 'ubiquitous' in modern tech context.","rare","everywhere","absent","scarce","everywhere","'Ubiquitous' means present everywhere — 'everywhere'."
"Select the antonym for 'meticulous'.","precise","careless","exact","thorough","careless","'Meticulous' = very careful; antonym 'careless'."
"Which preposition is right: 'The book comprises chapters ___ different topics.'","on","of","about","with","on","'On' or 'about' can be used; 'on different topics' is common."
"Choose the correct tense: 'She ___ the novel by the end of the week.'","reads","will read","will have read","read","will have read","Future perfect 'will have read' indicates completion before the future time."
"Pick the correct antonym for 'serene'.","calm","agitated","tranquil","placid","agitated","'Serene' = calm; antonym 'agitated' = disturbed."
"Select the synonym for 'capricious'.","steady","fickle","constant","stable","fickle","'Capricious' means unpredictable or fickle."
"Which sentence is grammatical?","There is many reasons.","There are many reasons.","There is a many reasons.","There many are reasons.","There are many reasons.","Plural noun 'reasons' requires 'are'."
"Choose the correct preposition: 'She intervened ___ the argument.'","in","into","between","among","in","'Intervene in' the argument is standard usage."
"Pick the antonym for 'garrulous'.","talkative","quiet","loquacious","chatty","quiet","'Garrulous' = very talkative; antonym 'quiet'."
"Select the right tense: 'I ___ this novel before.'","read","have read","had read","reads","have read","Experience up to now uses 'have read'."
"Which article is correct: 'He received ___ MBA last year.'","a","an","the","no article","an","Initialism 'MBA' pronounced 'em-bee-ay' begins with vowel sound, so 'an MBA'."
"Choose the synonym for 'prolific' in literary sense.","unproductive","productive","rare","sterile","productive","'Prolific' = productive, producing much."
"Pick the antonym for 'ardent' in an academic context.","passionate","halfhearted","zealous","fervent","halfhearted","'Ardent' = passionate; antonym 'halfhearted'."
"Select the correct preposition: 'He abstained ___ alcohol.'","from","on","of","about","from","'Abstain from' is correct collocation."
"Which sentence is best: 'I would rather you ___ earlier.'","came","come","had come","came","had come","'Would rather (that) you had come' uses past perfect for past preference -> 'had come.'"
"Pick the synonym for 'sagacious'.","wise","foolish","naive","brash","wise","'Sagacious' means wise or shrewd."
"Choose the correct plural: 'formula' -> ____","formulas","formulae","formuli","formula","formulae","Both 'formulas' and 'formulae' are acceptable; 'formulae' is classical plural."
